#,年,月,期,标题,栏目,栏目e,行业,作者,内容
0,Y2019,M01,#451,继往开来，勇担使命，建设新时代全球一流银行—— 改革开放40周年中国银行发展回顾与展望,时评,Review,--,陈四清,"建设新时代全球
—— 改革开放 40 周年
◎陈四清
40年栉风沐雨，40年砥砺前行，中国银行在
改革中发展，在开放中成长，从一家外汇外贸专业
银行逐渐发展为全球化、综合化经营特色突出，业
务规模、盈利能力和品牌价值位居世界前列的大型
商业银行。中国银行的成长是中国银行业改革发展
的一个缩影。回顾历史，我们深感成绩来之不易
把握未来，在新时代改革开放大潮之下，中国银行
将永葆初心，勇担使命，不断书写发展新篇章。
40 年发展成就斐然
改革开放以来，在历代中行人的不懈奋斗下
中国银行牢牢抓住国家经济快速增长的历史机遇
取得了翻天覆地的成就。
稳妥扎实深化改革，体制改革实现跨越式突破
沐浴着改革开放的春风，中国银行奏响了改革发展
的新乐章。1979年，中国银行从中国人民银行分设
出来，作为外汇专业银行，统一经营国家外汇业务
1986年，根据国家提出的国有专业银行企业化改革
要求，中国银行转型为外汇外贸专业银行；1994年 ..."
1,Y2019,M01,#451,世界经济发展的机遇与挑战,中国国际金融学会年会专栏 ( 下 ),Special Column,--,河合正弘,"◎河合正弘
在过去的二十年中，特别是2008年全球金融
危机后，新兴市场国家在全球经济增长中贡献巨大
一直是推动全球经济发展的原动力。中国作为新兴
经济体中的核心国家，在全球经济发展中发挥着重
要的作用。在全球经济不断增长的大背景下，中、美
日大国之间的关系已成为影响世界经济发展的重要
的因素。
一、中美关系受到贸易战影响，需要
进行对话协商
贸易战已成为中国面临的重大课题，但中美关
系的修复仍有可能。中国已经融入到全球供应链体
系当中，美国无法彻底把中国从经济中分离出去
美国、欧洲、日本等国家和地区的很多企业已进驻
中国，各国消费者都需要中国的产品，且日益扩大
的中国市场极具魅力。贸易战会给中美双方，甚至
全球经济带来负面影响。
随着贸易战呈现规模扩大化、持续时间长期化
的趋势，其给全球经济增长的影响将越来越大。出
口企业可以把在中国的生产工厂转移到其他新兴国
家，再出口到美国。但产业转移需要花费大量时间
中国蒙受的潜在损失也将很大。中美两国可以寻找
其他的进出口对象国，其结果是，很多国家将扩大
对中国和美国的出口，或以低廉的价格进口中美两 ..."
2,Y2019,M01,#451,金融业在“一带一路”发展中的使命,中国国际金融学会年会专栏 ( 下 ),Special Column,--,赵雪情 刘健毓,"◎赵雪情   刘健毓
当今时代是一个特殊的变革时代，中国所面临
的国际形势是美国公然退群、关门修墙。而在国际
贸易保护主义抬头之时，中国提出的“一带一路
倡议正在引起广泛关注，同时也为全球搭建了一个
巨大的平台，对金融业提出了新任务、新使命。
张杰：红利转化和制度均衡是中国经济
增长四十年的秘方
改革开放四十年，中国经济增长奇迹令全球瞩
目，改变了很多国际主流学者原有的观点和看法
其中，弗朗西斯·福山、麦金农以及罗纳德·科斯
就是典型代表。1989年，日裔美籍学者弗朗西斯·福
山在《国家利益》上发表文章《历史的终结？》
引发广泛关注。在目睹中国连续四十年高速增长后
2011年福山出版两本专著，以中国为中心开篇，改
变了自己原有的观点。作为金融深化理论的主要创
始者，麦金农教授倡导金融自由化、利率自由化
1992年，麦金农出版了《经济市场化的次序》，而
在1993年重新修订时，其专门设立一章讨论中国
发展，将中国经济增长作为范例，提出金融控制等
命题。其中首次提出的“中国之谜”，逐渐成为全
球流行词汇。新制度经济学的重要奠基人罗纳德·科
斯，主张自由，倡导市场化，但在目睹中国经济发
展后也改变了自己的观点。此外，科斯教授还专门
研究了中国发展之路，提出了中式市场经济命题。
2018年上半年，巴菲特在接受采访时曾指出
① 本文为2018年中国国际金融学会年会“‘一带一路’发展中金融业的 ..."
3,Y2019,M01,#451,国际贸易规则调整与价值链重塑,中国国际金融学会年会专栏 ( 下 ),Special Column,--,高玉伟,"国际贸易规则调
◎高玉伟
2018年，贸易战增大了全球经济的不确定性，凸
显了经济全球化、多边主义和自由贸易体制面临的新
挑战。国际贸易规则面临调整，价值链可能重塑。在
这一背景下，中国通过举办国际进口博览会等实际行
动表明，中国仍将坚持多边主义和自由贸易规则，坚
持改革开放的坚定步伐，积极应对各种保护主义和贸
易摩擦，为促进世界经济稳定增长和走向繁荣而努力。
一、全球化进程受阻
20世纪90年代以来的全球化和以往几次全球化
的不同之处在于，出现了全球性的制度协调和规则协
调。20世纪90年代，一大批转型经济体的出现，推动
了以市场原则为基础的世界贸易组织（WTO）的成立。
受美国尊法派学者的影响，WTO的成立在国际贸易领
域形成了具有一定强制执行力的硬规则，引入了双层
争端解决机制，使得国际贸易法规具有了一定程度的
强制力，并推动本轮全球化取得了巨大进展。
WTO成立后，国际经济形势发生了三个重要变化：
一是发展中国家出现明显分化。全球化有关研究
发现,发展中国家出现了十分明显的分化：一部分向发
达国家转化；另一部分则发展停滞。对于一部分经济快
速增长的发展中国家，发达国家不愿在国际贸易中再
给予这些国家优惠待遇。
二是转型经济体未达预期。20世纪90年代，因
为一大批转型经济体的出现，WTO形成了一套以市场
规则为基础的国际贸易体制。但后来，很多转型经济
体的市场化改革未达预期，从而给国际贸易体系的运
行带来了一定挑战。 ..."
4,Y2019,M01,#451,全球货币政策的调整与未来,中国国际金融学会年会专栏 ( 下 ),Special Column,--,熊启跃,"全球货币政策的
◎熊启跃
货币政策是影响各国经济金融发展的重要因
素。2015年以来，美联储开启加息和缩表进程，货
币政策逐步向中性靠拢。美联储货币政策立场的调
整，给全球经济金融发展带来了新的机遇与挑战。
未来，全球货币政策的调整与影响值得研究与探讨。
管涛：用“三元悖论”理解中国货币政
策
“三元悖论”是指货币政策独立性、资本自由
流动和汇率稳定，三者不可兼得，至少要放弃一个
目标。为应对1997年亚洲金融危机，中国选择了
货币政策保增长、人民币贬值和资本项目管制，取
得了较好的政策效果。2018年以来，针对美联储多
次加息，人民银行采取了不同的应对策略。在2018
年年初美联储加息后，人民银行采取跟进加息策略；
但在6月和9月两次加息时，人民银行却下调了存
款准备金率。由此不难发现，我国货币调控的首要
目标是稳定经济增长，而稳定汇率和美国等大国货
币政策的变化，虽然也是考虑因素，但并不是首要
目标。
与1997年亚洲金融危机期间相比，中国经济
正经历增长动能转换。服务业和消费已成为拉动中
国经济增长的重要引擎。尽管我国目前经济面临下
行压力，但就业情况整体良好。这和经济结构调整
密切相关。2008—2017年，中国第一产业转移9000
多万就业人口，第二产业吸收6000多万就业人口， ..."
5,Y2019,M01,#451,交易对手信用风险新标准法（SA-CCR）：方法、比较和影响                                                                         ,银行家论坛,Banker's Forum,--,张晨 李晖 吴爽 黄朔,"Banker's Forum 
交易对手信用风
（SA-CCR）：方法
◎张晨  李晖  吴爽  黄朔
摘要：银保监会2018年发布《衍生工具交易对
手违约风险资产计量规则》，并自2019年1月1日
起实施，取代现行的现额暴露法（CEM）。该规则
借鉴巴塞尔委员会发布的交易对手信用风险新标准
法（SA-CCR），成为新的规范性违约风险暴露计量
方法。正确计量交易对手信用风险违约风险暴露，
是管理交易对手信用风险和计量相应资本要求的关
键前提。本文概述了交易对手信用风险新标准法的
主要内容并进行了简要评价，同时通过与现行的现
额暴露法（CEM）进行原理比较和测算对比，分析
其对银行相关业务的影响。
关键词：交易对手信用风险；违约风险暴露；交
易对手信用风险新标准法
一、交易对手信用风险的特点
交易对手信用风险（Counterparty Credit Risk, 
CCR）指衍生交易、证券融资等产品在最终结算交易
现金流前，交易对手违约导致的风险。如最终结算交
易现金流前，交易一方的头寸估值盈利（即正的未实
现损益、浮盈），则交易对手违约会使其遭受损失。
与传统信贷业务信用风险相比，交易对手信用
风险存在以下特点：一是风险不仅取决于交易对手
信用状况，同时取决于市场价格（即市场风险因子） ..."
6,Y2019,M01,#451,基于财务造假识别模型的公司授信风险预警研究及应用                          ,银行业经营管理,Banking Management,--,中国银行湖南省分行青年智库审计预警项目组,"Banking Management 
基于财务造假识
公司授信风险预
◎中国银行湖南省分行青年智库审计预警项目
摘要：为更好地发挥新形势下银行公司授信业
务内部审计的作用，本文基于财务造假企业的基本
特征，建立了横纵维度的财务指标综合体系，构建
了包括基础数据模块、横向指标体系模块和纵向指
标体系模块的分行业财务造假综合评分模型，以期
能对有财务造假嫌疑的企业提前预警。该模型兼具
识别、分析和初步揭示造假企业的综合优势，为银
行公司授信业务内部审计从传统的贷前贷中贷后合
规性审计向合规性审计与风险预警并重的方向转型
提供了新路径。
关键词：财务造假识别模型；内部审计；公司授
信风险预警
引言
近年来，市场不断出现一些企业债务危机事件，
如金盾系、齐星集团、辉山乳业等。在对这些企业
的经营和财务状况做进一步分析后发现，这些企业
在债务危机爆发的很长时间以前，甚至在数年前就
已经有了端倪，但无论外部，还是内部审计，以及
相关金融机构的研究部门和风控部门，却都未能及
时地揭示风险。因此，如何在复杂的形势下，及时
发现企业经营困难以及偿债能力的下降，提前预警，
并及时采取措施保全银行授信资产的安全，具有非 ..."
7,Y2019,M01,#451,巴克莱银行“大象交易”对银行合规与风险管控问题的启示                                                                                  ,银行业经营管理,Banking Management,--,邹伟康  王暖,"Banking Management 
巴克莱银行“大
合规与风险管控
◎邹伟康   王暖
摘要：金融危机之后,各国加强了对银行合规
和风险管控方面的调查。2011年英国巴克莱银行
的“大象交易”（Elephant Deal）则是接受调查的重
大案件之一。本文以英国金融监管部门披露的调查
报告为基础，结合英国卫报等主要媒体的追踪报道，
分析、揭示了巴克莱银行在履行风险管控及合规方
面存在的问题，并进而详细分析了银行应尽的调查
义务，以期对银行风险管控工作有所启示。
关键词：巴克莱银行；尽职调查；风险管控
一、背景
“大象交易”通常是指金额巨大的金融交易，
而本文分析的巴克莱银行的“大象交易”涉及金额
更是高达18.8亿英镑。与传统的金融产品不同，该
类交易通常采用结构性金融（Structured-Finance）
交易模型进行投资，所投资的金融产品主要是为了
满足大型企业复杂而多元化的投融资需求，如担保
债务凭证、担保债券凭证、银团贷款、复合性金融
工具等。在巴克莱银行涉及的“大象交易”中，其
客户委托资产主要投资于债券和票据；客户将在未
来几十年内获得丰厚而稳定的投资收益，同时巴克
莱银行为客户提供额外的、全额本金保证。
虽然后金融危机时期各国政府及金融监管部门 ..."
8,Y2019,M01,#451,困难企业继续融资问题研究,银行业经营管理,Banking Management,--,罗欣 钱宇飞,"◎罗欣  钱宇飞
摘要：本文拟结合银行债务重组实践，从对企
业困境的风险判断入手，明确拟作为探讨对象的企
业类型，并针对其风险化解过程中继续融资面临的
问题，提出了相关的应对措施。
关键词：困难企业；融资；银行债务重组
引言
自2014年我国经济进入新常态以来，国家着
力推进供给侧结构性改革，深入开展“三去一降一
补”和“僵尸企业”出清。在新旧动能转换时期
部分经营亏损、效率低下、资产负债率较高的地方
国企、大型民营集团陆续出现债务危机。与此同时
监管日趋严格，企业整体融资环境收紧，融资成本
上升，再加上新债券难以发行、再融资受阻，部分
企业流动性压力加大，违约风险随之上升。而风险
的交叉传染，则进一步导致更多企业陷入困境。从
外部环境看，全球主要经济体经济再次分化，中美
贸易摩擦充满不确定性，美联储加息次数多于预期
新兴经济体金融市场动荡加剧，也都在一定程度上
加剧了防范化解风险的艰巨性。
在内外部复杂多变因素的影响下，近年企业负
面风险事件频发，信用债“违约潮”（2018年以来
主要为民营企业）引发市场的普遍关注。如何在清 ..."
9,Y2019,M01,#451,美联储利率及收益率曲线对银行净息差的影响及对策                                                                                         ,银行业经营管理,Banking Management,--,陆晓明,"净息差的影响及
◎陆晓明
摘要：资产负债业务及利息收入仍是全球银行
业的主要利润来源。衡量利息收入盈利状态的主要
指标是净息差（Net Interest Margin，也称净息收益率
以下简称NIM）。NIM直接受两个外部因素影响：央
行利率周期及水平，以及利率期限利差或收益率曲
线形态。它们之间的关系非常复杂且处于动态变化
中。本文拟深入研究美国货币政策周期和收益率曲
线与银行整体NIM的关系及影响，分析在同样环境
下银行之间NIM差异形成的原因，探讨银行业在升
息环境下的资产负债及NIM管理的实践和对策。
关键词：美联储利率；收益率曲线；净息差
一、美联储利率政策周期和收益率曲
线与银行业净息差的一般关系
 
美联储利率及收益率曲线是美国银行业净息差
的重要决定因素。一般观点认为，在央行升息周期
和收益率曲线陡峭期间利差扩大时，银行NIM会随
之上升。自20世纪80年代以来的数据表明，这三
者之间的关系大约可划分为两个阶段：在21世纪之
前，NIM与美联储利率相关性大约为-0.69；与10
年/3个月国债收益利差相关性大约为0.29；此后至
今，NIM与美联储利率相关性变为0.4的正相关 ..."
10,Y2019,M01,#451,国际流动性风险监管及中资银行的应对策略,银行业经营管理,Banking Management,--,夏婧,"中资银行的应对
◎夏婧
摘要：2008年的金融危机使国际监管机构认识到
对流动性风险监管和管理的重要性。在巴塞尔协议统
一框架下，相关国家和地区流动性风险监管的针对性
不断加强，监管标准不断趋严，跨境监管配合也更加
密切。当前，全球流动性风险加大，中资银行国际化
提速带来了如何适应国际流动性风险监管规则的问题
需要加快资产负债业务的转型，加强流动性风险统筹
管理能力。
关键词：中资银行；国际监管；流动性风险；资产
负债 
一、主要国家和地区流动性风险监管实
践
金融危机后，国际监管机构着力强化流动性风险
监管，将流动性风险监管提升至与资本充足监管并列
的重要的位置。巴塞尔委员会陆续出台了《流动性风
险管理和监管的稳健原则》《流动性风险计量标准和监
测的国际框架》等监管文件，明确了流动性风险管理
的框架和方法，并提出了流动性覆盖率（LCR）和净稳
定资金比率（NSFR）两个流动性风险量化指标。在巴
塞尔委员会流动性风险监管的框架下，各主要国家和
地区监管机构积极建立并完善自身的流动性风险监管
架构，制定适合自身的流动性风险监管规则和监管指
标。 ..."
11,Y2019,M01,#451,关于构建“海丝人民币汇率指数”期货的构想                                                ,宏观经济与市场,Macro Economy & Market,--,管涛  王乾筝  黎琪嘉  谢月兰,"关于构建“海丝
期货的构想①
◎管涛  王乾筝  黎琪嘉  谢月兰
摘要：十九大明确提出，要积极促进“一带一路
国际合作，打造国际合作新平台，增添共同发展新
动力。缺乏汇率避险工具是制约“一带一路”倡议
推进的金融痛点。本文提出将越南盾、马来西亚林
吉特、泰国泰铢、新加坡元、印尼卢比、菲律宾比
索纳入货币篮子，构建海上丝绸之路人民币指数（简
称“海丝人民币指数”）期货，并在场内交易场所
进行交易，为相关企业从事沿线国家和地区的经贸
活动提供汇率避险工具的设想；同时，对产品的运
行做了风险评估，并提出了配套措施。
关键词：“一带一路”；外汇衍生品；人民币指数
一、“  一带一路”沿线的汇率避险需求
突出
“一带一路”前景广阔，国家之间经济、金融
的合作潜力巨大，但许多沿线国家金融市场发展滞
后，风险较大。一是过去的两三年时间里，印度卢
比、俄罗斯卢布、哈萨克斯坦坚戈、马来西亚林吉
特等货币都曾出现大幅贬值，侵蚀了中国企业的大
量利润。二是沿线国家币种兑换成外汇困难，币种
的流动性较差。三是对冲这些国家货币（尤其是小
币种，如越南盾）利率风险、汇率风险的工具较为
作者简介：管涛，中国金融四十人论坛高级研究员；王乾筝，中国社 ..."
12,Y2019,M01,#451,关于构建“海丝人民币汇率指数”期货的构想,宏观经济与市场,Macro Economy & Market,--,管涛  王乾筝  黎琪嘉  谢月兰,"关于构建“海丝
期货的构想①
◎管涛  王乾筝  黎琪嘉  谢月兰
摘要：十九大明确提出，要积极促进“一带一路
国际合作，打造国际合作新平台，增添共同发展新
动力。缺乏汇率避险工具是制约“一带一路”倡议
推进的金融痛点。本文提出将越南盾、马来西亚林
吉特、泰国泰铢、新加坡元、印尼卢比、菲律宾比
索纳入货币篮子，构建海上丝绸之路人民币指数（简
称“海丝人民币指数”）期货，并在场内交易场所
进行交易，为相关企业从事沿线国家和地区的经贸
活动提供汇率避险工具的设想；同时，对产品的运
行做了风险评估，并提出了配套措施。
关键词：“一带一路”；外汇衍生品；人民币指数
一、“  一带一路”沿线的汇率避险需求
突出
“一带一路”前景广阔，国家之间经济、金融
的合作潜力巨大，但许多沿线国家金融市场发展滞
后，风险较大。一是过去的两三年时间里，印度卢
比、俄罗斯卢布、哈萨克斯坦坚戈、马来西亚林吉
特等货币都曾出现大幅贬值，侵蚀了中国企业的大
量利润。二是沿线国家币种兑换成外汇困难，币种
的流动性较差。三是对冲这些国家货币（尤其是小
币种，如越南盾）利率风险、汇率风险的工具较为
作者简介：管涛，中国金融四十人论坛高级研究员；王乾筝，中国社 ..."
13,Y2019,M01,#451,跨境资金异常流动风险及其防范,宏观经济与市场,Macro Economy & Market,--,中国人民银行党校调研组,"跨境资金异常流
◎中国人民银行党校调研组
摘要：习近平总书记在党的十九大报告中提出
要坚决打好防范化解重大风险、精准脱贫、污染防
治的攻坚战。中央经济工作会议要求，打好防范化
解重大风险的攻坚战，重点是防控金融风险。在跨
境收支领域，需要重点防控的金融风险是跨境资金
异常流动风险，即跨境资金的流出入日益脱离实际
贸易和投资基础，成为“热钱”在国际金融市场间
大进大出，干扰相关国家正常的经济金融秩序。本
文在系统梳理我国跨境资金异常流动的主要渠道以
及跨境资金异常流动管理问题的基础上，对我国进
一步完善跨境资金异常流动风险防范体系提出了对
策建议。
关键字：跨境资金异常流动；风险；防范
一、我国跨境资金异常流动的主要渠
道及方式
对于跨境资金异常流动要辩证地看待，既要看
到其借助非法渠道实现跨境资金违规流动，也要看
到合规但不利于国际收支平衡的异常流动；既要看
到合规异常跨境资金流动的不利方面，也要客观对
待真实合规的交易基础。
目前，我国违规跨境资金异常流动主要有以下
几个渠道。 ..."
14,Y2019,M01,#451,跨境资金异常流动风险及其防范,宏观经济与市场,Macro Economy & Market,--,中国人民银行党校调研组,"跨境资金异常流
◎中国人民银行党校调研组
摘要：习近平总书记在党的十九大报告中提出
要坚决打好防范化解重大风险、精准脱贫、污染防
治的攻坚战。中央经济工作会议要求，打好防范化
解重大风险的攻坚战，重点是防控金融风险。在跨
境收支领域，需要重点防控的金融风险是跨境资金
异常流动风险，即跨境资金的流出入日益脱离实际
贸易和投资基础，成为“热钱”在国际金融市场间
大进大出，干扰相关国家正常的经济金融秩序。本
文在系统梳理我国跨境资金异常流动的主要渠道以
及跨境资金异常流动管理问题的基础上，对我国进
一步完善跨境资金异常流动风险防范体系提出了对
策建议。
关键字：跨境资金异常流动；风险；防范
一、我国跨境资金异常流动的主要渠
道及方式
对于跨境资金异常流动要辩证地看待，既要看
到其借助非法渠道实现跨境资金违规流动，也要看
到合规但不利于国际收支平衡的异常流动；既要看
到合规异常跨境资金流动的不利方面，也要客观对
待真实合规的交易基础。
目前，我国违规跨境资金异常流动主要有以下
几个渠道。 ..."
15,Y2019,M01,#451,东盟地区2018年货币政策回顾与2019年展望 ,宏观经济与市场,Macro Economy & Market,--,廖淑萍,"东盟地区 2018
2019 年展望
◎廖淑萍
2018年，受全球贸易摩擦、主要经济体货币
政策正常化等不确定性因素的影响，全球经济增
长动力放缓，下行风险加大。自2018年9月以来
IMF、OECD等国际组织接连下调了2018年和2019
年全球增长预期。初步判断，2018年全球GDP增
速为3.2%，较2017年回落0.1个百分点。
近年来，东盟地区发展状态良好，成为世界经
济增长的重要“火车头”。在全球复苏放缓、外需疲
弱的背景下，2018年东盟经济增速也出现下滑，但
总体仍维持在5%左右的水平。一些经济体跟随美联
储加息步伐，于2018年启动了加息进程，印尼、菲
律宾等国甚至出现连续加息。展望未来，出口放缓
通胀上升、资本流出和国际收支恶化等问题，可能
成为影响东盟经济发展和货币政策走向的重要因素。
一、2018 年东盟经济形势
根据IMF和ADB等机构的预测，2018年东盟
经济增速将达到5.2%，较2017年下降0.1个百分
点（见图1）。不同国家之间存在一定差异，新加
坡、马来西亚和泰国表现良好，经济增速超过2017
年的水平；文莱、柬埔寨经济增速与上年基本持平
印度尼西亚、老挝、缅甸、菲律宾等国，经济则出
现放缓。 ..."
16,Y2019,M01,#451,东盟地区2018年货币政策回顾与2019年展望,宏观经济与市场,Macro Economy & Market,--,廖淑萍,"东盟地区 2018
2019 年展望
◎廖淑萍
2018年，受全球贸易摩擦、主要经济体货币
政策正常化等不确定性因素的影响，全球经济增
长动力放缓，下行风险加大。自2018年9月以来
IMF、OECD等国际组织接连下调了2018年和2019
年全球增长预期。初步判断，2018年全球GDP增
速为3.2%，较2017年回落0.1个百分点。
近年来，东盟地区发展状态良好，成为世界经
济增长的重要“火车头”。在全球复苏放缓、外需疲
弱的背景下，2018年东盟经济增速也出现下滑，但
总体仍维持在5%左右的水平。一些经济体跟随美联
储加息步伐，于2018年启动了加息进程，印尼、菲
律宾等国甚至出现连续加息。展望未来，出口放缓
通胀上升、资本流出和国际收支恶化等问题，可能
成为影响东盟经济发展和货币政策走向的重要因素。
一、2018 年东盟经济形势
根据IMF和ADB等机构的预测，2018年东盟
经济增速将达到5.2%，较2017年下降0.1个百分
点（见图1）。不同国家之间存在一定差异，新加
坡、马来西亚和泰国表现良好，经济增速超过2017
年的水平；文莱、柬埔寨经济增速与上年基本持平
印度尼西亚、老挝、缅甸、菲律宾等国，经济则出
现放缓。 ..."
17,Y2019,M01,#451,加密资产对金融稳定的潜在影响分析,金融前沿,Financial Foresight,--,曾繁荣,"Financial Foresight 
加密资产对金融
潜在影响分析
◎曾繁荣
摘要：当前，全球加密资产的市值虽然与金融
系统相比还较低，但近年来发展迅速，加密资产交
易平台、新型金融产品、散户投资者等大量涌现，
因而有必要密切关注加密资产市场对金融稳定的潜
在影响。本文分析了加密资产市场面临的潜在风险、
影响金融稳定的传导渠道，以及全球监管机构所采
取的监管行动。
关键词：加密资产；主要风险；传导渠道；监管
行动
引言
本文讨论由私人发行的加密资产，也就是公
众通常所指的加密资产。它主要依赖于密码技术和
分布式账本技术（DLT）作为其感知或内在价值的
一部分。它最初设想在不需要可信任第三方中介的
情况下进行价值转移。有时它被称为“加密货币”，
充当数字交换手段或具有数字交换手段的特征。但
它目前并不能可靠地提供货币的标准功能，难以安
全地作为交换媒介或存储价值；也不能作为一个账
户单位使用，因为它既未得到任何政府或其他机构
的支持，在任何国家也不是法定货币，还并未得到
发行人或其他数字代币（如证券代币、实用代币）
的兑付保证，只有民间部分私营企业和公共部门接
受加密资产作为支付手段。 ..."
18,Y2019,M01,#451,加密资产对金融稳定的潜在影响分析,金融前沿,Financial Foresight,--,曾繁荣,"Financial Foresight 
加密资产对金融
潜在影响分析
◎曾繁荣
摘要：当前，全球加密资产的市值虽然与金融
系统相比还较低，但近年来发展迅速，加密资产交
易平台、新型金融产品、散户投资者等大量涌现，
因而有必要密切关注加密资产市场对金融稳定的潜
在影响。本文分析了加密资产市场面临的潜在风险、
影响金融稳定的传导渠道，以及全球监管机构所采
取的监管行动。
关键词：加密资产；主要风险；传导渠道；监管
行动
引言
本文讨论由私人发行的加密资产，也就是公
众通常所指的加密资产。它主要依赖于密码技术和
分布式账本技术（DLT）作为其感知或内在价值的
一部分。它最初设想在不需要可信任第三方中介的
情况下进行价值转移。有时它被称为“加密货币”，
充当数字交换手段或具有数字交换手段的特征。但
它目前并不能可靠地提供货币的标准功能，难以安
全地作为交换媒介或存储价值；也不能作为一个账
户单位使用，因为它既未得到任何政府或其他机构
的支持，在任何国家也不是法定货币，还并未得到
发行人或其他数字代币（如证券代币、实用代币）
的兑付保证，只有民间部分私营企业和公共部门接
受加密资产作为支付手段。 ..."
19,Y2019,M01,#451,对我国个人税收递延型养老保险的研究,金融前沿,Financial Foresight,--,殷贵梅,"Financial Foresight 
对我国个人税收
养老保险的研究
◎殷贵梅
摘要：随着人口老龄化进程的日益加剧，养老
支出的压力越来越大。为了积极应对不断增长的养
老支出，我国近期开展了个人税收递延型商业养老
保险试点工作。本文对我国养老保险现状进行了简
要分析，指出当前推出个人税收递延型养老保险的
必要性，并分析了我国试点项目实施过程中的问题；
最后，结合美国和德国的先进实践经验,提出了相
应的政策建议。
关键词：老龄化；税收递延；养老保险
我国自20世纪90年代起，开始逐步对养老保
险制度进行改革。经过二十多年的发展，已形成了
社会养老保险体系的基本框架，即基本养老保险和
企业（职业）①年金两大养老体系。基本养老金一
支独大，在养老规模中占比80%左右；企业（职业）
年金发展迅速，成为养老金的重要补充。但从养老
资金的供求情况和其覆盖面看，与居民日益提升的
养老需求尚有一定差距。从国际通用的三支柱养老
体系②看，我国的第三支柱——个人补充养老保险，
仍为空白。因此，发展个人税收递延型养老保险，
通过税收优惠刺激个人补充养老保险，对完善我国
的养老体系，是十分必要的。
作者简介：殷贵梅，硕士，中国人民银行苏州市中心支行，经济师。
① 企业（职业）年金是指面向城镇化企业职工的企业年金和面向机关事业 ..."
20,Y2019,M01,#451,对我国个人税收递延型养老保险的研究,金融前沿,Financial Foresight,--,殷贵梅,"Financial Foresight 
对我国个人税收
养老保险的研究
◎殷贵梅
摘要：随着人口老龄化进程的日益加剧，养老
支出的压力越来越大。为了积极应对不断增长的养
老支出，我国近期开展了个人税收递延型商业养老
保险试点工作。本文对我国养老保险现状进行了简
要分析，指出当前推出个人税收递延型养老保险的
必要性，并分析了我国试点项目实施过程中的问题；
最后，结合美国和德国的先进实践经验,提出了相
应的政策建议。
关键词：老龄化；税收递延；养老保险
我国自20世纪90年代起，开始逐步对养老保
险制度进行改革。经过二十多年的发展，已形成了
社会养老保险体系的基本框架，即基本养老保险和
企业（职业）①年金两大养老体系。基本养老金一
支独大，在养老规模中占比80%左右；企业（职业）
年金发展迅速，成为养老金的重要补充。但从养老
资金的供求情况和其覆盖面看，与居民日益提升的
养老需求尚有一定差距。从国际通用的三支柱养老
体系②看，我国的第三支柱——个人补充养老保险，
仍为空白。因此，发展个人税收递延型养老保险，
通过税收优惠刺激个人补充养老保险，对完善我国
的养老体系，是十分必要的。
作者简介：殷贵梅，硕士，中国人民银行苏州市中心支行，经济师。
① 企业（职业）年金是指面向城镇化企业职工的企业年金和面向机关事业 ..."
21,Y2022,M03,#489,购买力平价理论视角：人民币中长期必然升值吗,时评,Review,--,管涛 付万丛,"必然升值吗
◎管涛   付万丛
摘要：一些观点以人民币名义汇率与购买力平价
最终收敛为依据，认为人民币中长期必然升值，却忽
略存在多种收敛方式的可能性。实践中，全球百年变
局、金融力量上升、国内人口老龄化和经济结构改革
使得名义汇率中长期走势存在较大不确定性，也会影
响到购买力平价汇率走势。未来，两者既有可能升值
收敛，也可能贬值收敛。全球通胀和货币政策（包括
中国）趋同可能减缓人民币价差收敛，不排除当前价
差状态将会维持较长时间。
关键词：人民币汇率；购买力平价
中图分类号：F83            文献标识码：A
汇率是两个货币的比价关系，是一个国家内外
循环平衡的重要观察指标。市场分析已经形成一套相
对完善的框架，往往从基本面差异、国债利差和交易
情绪等短期因素来捕捉汇率信号，并以此制订应对策
略。虽然长期汇率走势是由一系列的短期走势搭建而
成，但是短期分析框架蕴含过多的“干扰”信息，可
能会导致对中长期走势的误判。此外，政策制定者需
要做长期计划，更加注重中长期走势。其中，购买力
平价理论（PPP，Purchasing Power Parity Theory）尽
管由于其严格的假设和实践的背离使得该理论逐渐式
微，但仍大有市场，是经济学理论界讨论中长期汇 ..."
22,Y2022,M03,#489,元宇宙：从架构到落地,“元宇宙”专栏,Special Column,--,方光照 田鹏 ,"元宇宙 ：从架构到
◎方光照  田鹏
摘要：2021年Roblox公司的上市与Facebook
集团更名为Meta引起了市场对元宇宙的热烈关注。
本文对元宇宙的概念与发展进行较为全面的梳理，
意图解决什么是元宇宙、发展元宇宙的意义以及如
何发展元宇宙等问题。本文阐述了对元宇宙定义的
理解，回顾了元宇宙概念的发展历程，讨论了元宇
宙发展的社会经济意义以及可能应用的场景，并从
国内外头部厂商布局情况和产业链构成分析了元宇
宙发展的路径与所需的技术支撑。
关键词：元宇宙；虚拟世界；VR/AR；区块链
中图分类号：F83            文献标识码：A
一、	什么是元宇宙
元宇宙的概念最早由科幻作家尼尔·斯蒂芬森
（Neal Stephenson）于1992年在其著作《雪崩》中提出。
在小说中，元宇宙（Metaverse）是一个脱胎于现实
世界又与现实世界平行、相互影响且始终在线的虚
拟世界。人们在这个虚拟世界中可以做除吃饭、睡
觉外的任何事。如果把游戏看作是最早具备元宇宙
元素的产品形态，元宇宙概念的发展历程可以追溯
如下：1992年，尼尔·斯蒂芬森（Neal Stephenson）
在科幻小说《雪崩》中创造了元宇宙（Metaverse） ..."
23,Y2022,M03,#489,元宇宙产业发展与银行金融创新研究 ,“元宇宙”专栏,Special Column,--,曾圣钧 周涛,"◎曾圣钧   周涛
摘要：近年来，随着相关技术的发展，元宇宙引
起了全世界的极大关注。预想的元宇宙应该是一个
虚拟现实的社会，具有更直接的身体互动，而种族
性别甚至身体残疾的概念将被削弱，这将对社会发
展与进步非常有益。然而，元宇宙的发展仍处于初
级阶段，有很大的改进潜力，各行各业均在提前做
准备，并吸引了众多投资者入局。国内学术界讨论
元宇宙还不多，特别是在银行金融服务领域缺乏科
学研究指导其发展。本研究拟从元宇宙发展的意义
技术条件出发，探讨商业银行布局元宇宙，推动金
融创新的策略和建议。
关键词：元宇宙；银行；区块链；华为河图
中图分类号：F832            文献标识码：A
引言
早在1981年，美国计算机教授弗洛文奇在科
幻小说《真名实姓》中，就构思了一个可以通过
脑机接口进入并拥有感官体验的虚拟世界。而元宇
宙“Metaverse”一词正式起源于1992年尼尔·斯蒂
芬森（Neal Stephenson）的科幻小说《雪崩》（Snow 
Crash）。Metaverse是“meta”（意思超越）和“Universe
词干“Verse”的组合，表示下一代互联网，其中 ..."
24,Y2022,M03,#489,警惕美联储货币政策转向触发明斯基时刻 ,国际金融,International Finance,--,张伟,"时刻
◎张伟
摘要：2020年以来，新冠肺炎疫情（简称疫情
的外生冲击掩盖了美国经济衰退的深层次原因。面
对冲击，美联储采取了极度扩张的货币政策，并没
有使实体经济企稳复苏，反而带来了通胀隐忧，以
及高泡沫、高债务、财富再分配和道德风险等一系
列“后遗症”。为解释高货币投放有时并不立即引发
通货膨胀这个与传统货币数量论相悖的经济现象
本文基于费雪方程式，引入资产交易的货币需求
创建了扩展的交易方程式。随着疫情消散和经济企
稳，隐性通胀逐步显性化。为防止通胀问题变得积
重难返，以2021年12月初为分水岭，美联储货币
政策开始由“松”（鸽派）转“紧”（鹰派）。美联储
政策转向将可能刺破泡沫，触发明斯基时刻，引发
新一轮金融危机。本文基于“坎蒂隆效应”的逻辑
和美元作为国际货币的现实，首次提出“国际间坎
蒂隆效应”概念，以解释美联储实施扩张货币政策
将给全球（包括中国）产生通货再膨胀和国际间产
生财富再分配等“外溢效应”。为应对美联储货币政
策转向的外溢效应，中国应坚持独立的货币政策
作者简介：张伟，清华大学五道口金融学院党委委员、副研究员，清
                  科技研究中心副主任，《清华金融评论》副主编兼编辑部主
                  亦有贡献。
① 货币主义领军人物米尔顿·弗里德曼（Milton Friedman）在其与安 ..."
25,Y2022,M03,#489,美联储货币政策和经济不平等的关系 ,国际金融,International Finance,--,陆晓明,"◎陆晓明
摘要：2008年金融危机之后，美联储的宽松货
币政策在分配领域中的作用越来越受到各方面关注
这集中体现在该政策在经济不平等—收入和财富
差距扩大中的作用方面。而在2020年疫情暴发后
由于美联储采取了更宽松的货币政策，这一问题也
愈加凸显，并再次成为人们关注的焦点。本文分析
美联储宽松货币政策在扩大美国经济不平等中的作
用及路径，研究美联储货币政策在维持经济平等中
应有的作用，据此评估宽松货币政策对整体经济的
利弊得失，探讨美国未来在执行货币政策与防止经
济差距进一步扩大之间维持平衡的主要措施。
关键词：美联储货币政策； 收入不平等； 财富不
平等
中图分类号：F831           文献标识码：A
一、美联储宽松货币政策是否扩大了
经济不平等
（一）美国的经济不平等主要是财富和收
入的差距确实存在，并且在过去三十年中呈
扩大趋势
统计表明，2021年年初，美国家庭的整体财富
（净资产）从2010年的60.5万亿美元增加到129.5 ..."
26,Y2022,M03,#489,宽松货币政策实施的原因、成本与启示 ,国际金融,International Finance,--,张启迪,"启示
◎张启迪
摘要：全球金融危机和新冠肺炎疫情暴发后，发
达经济体实施大幅宽松的货币政策，主要有三个原
因，一是快速修复金融市场功能，二是实际利率水
平已经跌至负值，三是长期经济增长前景黯淡。从
效果来看，虽然促进了经济复苏，但也带来了较高
的政策成本，包括资产价格泡沫、宏观杠杆率上升
贫富差距拉大等一系列问题。与发达经济体不同
中国实施超宽松货币政策的政策成本远高于发达经
济体。政策建议方面，一是中国实行宽松货币政策
时需更加谨慎，二是应更多使用结构性政策而非总
量型政策，三是深入推进结构性改革，以进一步提
高货币政策传导效率。
关键词：货币政策；宏观杠杆率；金融风险
中图分类号：F832            文献标识码：A
新冠肺炎疫情暴发以来，发达经济体普遍实施
大幅宽松的货币政策应对冲击。作为全球最主要的央
行，美联储资产负债表规模由疫情前约3万亿美元扩
张至当前约9万亿美元。而中国货币政策总体一直维
持稳健，并没有搞“大水漫灌”。无论是在2020年疫
情最严重经济下行压力最大的时期还是在2021年第
四季度经济复苏明显转弱的情况下，货币政策宽松的 ..."
27,Y2022,M03,#489,从“十四五”规划看我国科技创新发展及如何提供金融支持                                                                                             ,宏观经济,Macro Economy,--,赵廷辰,"及如何提供金融支
◎赵廷辰
摘要：《中共中央关于制定国民经济和社会发展
第十四个五年规划和二零三五远景目标的建议》提出
了长远经济发展目标，并提出要“把科技自立自强作
为国家发展的战略支撑”。我国在人口老龄化加速
资本投资回报率下降、获取国外先进技术遭遇瓶颈的
情况下，需依靠科技自立自强助推长期经济增长。在
基础研究方面，政府应加大支持力度，逐渐扭转“三
低三高一弱”的科研局面。在应用试验研究方面，应
改变量重于质的不当评价体系，让市场机制去评价应
用试验研究的价值。展望未来，我国金融业支持科技
创新发展将大有可为。
关键词：科技自立自强；基础研究；应用试验研究
金融支持
中图分类号：F832            文献标识码：A
我国已迈入高质量发展阶段。《中国共产党第十
九届中央委员会第五次全体会议公报》（简称《公报》
和《中共中央关于制定国民经济和社会发展第十四个
五年规划和二零三五远景目标的建议》（简称《建议》
提出，要“坚持创新在我国现代化建设全局中的核心
地位，把科技自立自强作为国家发展的战略支撑”
结合《公报》和《建议》有关要求，本文探讨了在高
质量发展阶段我国加快科技创新的重要意义，以及应
如何实现科技自立自强，并分析了金融业应如何支持 ..."
28,Y2022,M03,#489,数字金融赋能民族地区产业融合的逻辑与路径—— 以海南省儋州市为例,宏观经济,Macro Economy,--,刘璐琳 张佳 苏逸文 林露伟 成润梦,"逻辑与路径
—— 以海南省儋州市为
◎刘璐琳 张佳 苏逸文 林露伟 成润梦
摘要：在实现共同富裕的进程中，促进民族地区
经济发展是基础，产业融合是推动民族地区实现高质
量产业发展的重要举措。在新时代，如何将数字金融
的浪潮转换为促进民族地区产业融合的强大动力，是
学术研究和实践应用中都亟待厘清的重要问题。本文
通过理论分析与案例研究，指出数字金融通过拓宽资
金来源、提升创新水平与缓解信息不对称赋能民族地
区产业融合，并从宏观、中观、微观三个层面提出数
字金融促进民族地区产业融合发展的路径，为加快民
族地区产业融合发展，实现共同富裕提供新思路。
关键词：共同富裕；数字经济；民族地区；产业融合
中图分类号：F832            文献标识码：A
引言
共同富裕是社会主义的本质要求，是中国式现代
化的重要特征，也是中华各民族的共同奋斗目标。共
同富裕是实现全民族共同富裕，在共同富裕的道路上
一个都不能少。在扎实推进共同富裕的进程中，民族 ..."
29,Y2022,M03,#489,深化产教融合实践探索 金融助力实体经济发展——以国际产教融合实施路径为借鉴 ,宏观经济,Macro Economy,--,张健 马遇乐,"Macro Economy 
深化产教融合实
实体经济发展
—— 以国际产教融合实施
◎张健  马遇乐
摘要：产教融合是产业企业、教育机构、政府
部门、社会组织等多元主体参与协同育人、共建共
享资源的过程。我国借鉴其他国家经验，逐步构建
多元主体办学、多路径培养、多渠道融资的产教统
筹融合发展格局。但目前体制机制、参与主体和实
践形式仍存在不足，需各级政府加强统筹规划、财
政引导和供需对接服务，激发企业参与活力。金融
企业参与产教融合，既是自身发展需要，也具有良
好社会环境，应发挥自身优势，抓住市场机遇，强
化场景建设，促进业务发展。
关键词：产教融合；协同育人；金融企业
中图分类号：G712           文献标识码：A
深化产教融合和校企合作是党的十九大对新时
代我国教育培训和产业发展提出的新要求。产教融
合对推进人才教育体制改革和制造业创新升级具有
重要的先导性、基础性作用。研究产教融合的概念
内涵、历史经验、现存问题和解决方案，对促进教
育链、人才链与产业链、创新链的有机衔接，实现
实体经济、科技创新、现代金融与人力资源的协同
发展，具有重要意义。 ..."
30,Y2022,M03,#489,新形势下中概股的破局之路,金融市场,Financial Market,--, 苏莉 付志能,not found
31,Y2022,M03,#489,新形势下中概股的破局之路,金融市场,Financial Market,--, 苏莉 付志能,not found
32,Y2022,M03,#489,ESG与银行风险管理 ,银行家论坛,Banker's Forum,--,卢娜,"Banker's Forum 
ESG 与银行风险管
◎卢娜
摘要：20世纪70年代 ，欧美市场开始关注企
业环境绩效和社会责任。 2006 年，联合国明确倡
导责任投资原则（UNPRI）；同年，高盛发布 ESG 
研究报告。此后，国际组织和投资机构将 ESG概念
不断深化。本文试图从银行风险管理的实务角度阐
述ESG与银行风险管理之间的关系，并探讨如何将
其融入银行风险管理体系。
关键词：ESG；风险管理；碳金融
中图分类号：F83            文献标识码：A
一、	ESG 中相关的风险概念辨析
随着社会各界对ESG领域的关注日益加深，在
研究和实务工作中也出现很多新的概念，与风险相
关的包括环境与社会风险、环境与气候风险、ESG
风险、生物多样性风险等。银行风险管理体系的建
设强调全面覆盖，因此，需要对新型风险或者新的
概念进行研究和辨析，采取适当的方式将其纳入全
面风险管理体系进行专业化管理。
（一）ESG风险
ESG是环境（Environmental）、社会（Social）和
治理（Governance）的英文缩写，反映了企业在环境、
社会责任以及公司治理三个维度上的责任，是国际
社会衡量企业可持续发展能力的价值评估理念和重 ..."
33,Y2022,M03,#489,ESG与银行风险管理,银行家论坛,Banker's Forum,--,卢娜,"Banker's Forum 
ESG 与银行风险管
◎卢娜
摘要：20世纪70年代 ，欧美市场开始关注企
业环境绩效和社会责任。 2006 年，联合国明确倡
导责任投资原则（UNPRI）；同年，高盛发布 ESG 
研究报告。此后，国际组织和投资机构将 ESG概念
不断深化。本文试图从银行风险管理的实务角度阐
述ESG与银行风险管理之间的关系，并探讨如何将
其融入银行风险管理体系。
关键词：ESG；风险管理；碳金融
中图分类号：F83            文献标识码：A
一、	ESG 中相关的风险概念辨析
随着社会各界对ESG领域的关注日益加深，在
研究和实务工作中也出现很多新的概念，与风险相
关的包括环境与社会风险、环境与气候风险、ESG
风险、生物多样性风险等。银行风险管理体系的建
设强调全面覆盖，因此，需要对新型风险或者新的
概念进行研究和辨析，采取适当的方式将其纳入全
面风险管理体系进行专业化管理。
（一）ESG风险
ESG是环境（Environmental）、社会（Social）和
治理（Governance）的英文缩写，反映了企业在环境、
社会责任以及公司治理三个维度上的责任，是国际
社会衡量企业可持续发展能力的价值评估理念和重 ..."
34,Y2022,M03,#489,商业银行智能风控体系建设的挑战及对策 ,银行业经营管理,Banking Management,--,刘吕科,"Banking Management 
商业银行智能风控
对策
◎刘吕科
摘要：商业银行风险管理数字化、智能化是宏观
上适应数字化社会发展的客观要求，也是微观上应
对未来复杂经济金融风险的主观需要。本文分析了
银行风险管理智能化趋势，给出了良好实践银行成
功的关键要素，并分析了商业银行智能风控实施面
临的主要挑战及问题，以期为商业银行更好地推进
智能风控体系建设提供借鉴。
关键词：智能风控；数字化风控；风险管理
中图分类号：F832            文献标识码：A
引言
商业银行是经营风险的企业。风险管理能力不
仅是商业银行稳健发展的保障，在很大程度上也划
定了银行业务发展的边界。有些银行在各类创新业
务经营中“游刃有余”，而有些银行只能像“当铺”
一样经营，其差异本质上都是由银行风险管理水平
和能力决定的。
展望未来十年，商业银行面临的经营环境将更
趋复杂。因此，对商业银行而言，可能是“最差的
十年”，但也可能仍然是“较好的十年”。而划分“最
差”“较好”边界的，同样是商业银行的风险管理能
力。如果说过去十年商业银行风险管理的关键词是 ..."
35,Y2022,M03,#489,商业银行智能风控体系建设的挑战及对策,银行业经营管理,Banking Management,--,刘吕科,"Banking Management 
商业银行智能风控
对策
◎刘吕科
摘要：商业银行风险管理数字化、智能化是宏观
上适应数字化社会发展的客观要求，也是微观上应
对未来复杂经济金融风险的主观需要。本文分析了
银行风险管理智能化趋势，给出了良好实践银行成
功的关键要素，并分析了商业银行智能风控实施面
临的主要挑战及问题，以期为商业银行更好地推进
智能风控体系建设提供借鉴。
关键词：智能风控；数字化风控；风险管理
中图分类号：F832            文献标识码：A
引言
商业银行是经营风险的企业。风险管理能力不
仅是商业银行稳健发展的保障，在很大程度上也划
定了银行业务发展的边界。有些银行在各类创新业
务经营中“游刃有余”，而有些银行只能像“当铺”
一样经营，其差异本质上都是由银行风险管理水平
和能力决定的。
展望未来十年，商业银行面临的经营环境将更
趋复杂。因此，对商业银行而言，可能是“最差的
十年”，但也可能仍然是“较好的十年”。而划分“最
差”“较好”边界的，同样是商业银行的风险管理能
力。如果说过去十年商业银行风险管理的关键词是 ..."
36,Y2022,M03,#489,论行员修养与银行经营视察四川分支行演讲辑录 ——《  张公权金融言论集》（马学斌编著）摘登（15） ,张公权金融思想专栏,Special Column,--,张公权,"[按] 本文原载《中行生活》第29期（《川行专
该文为张公权考察四川期间的六次演讲辑录。
张公权率队于1934年4月28日至6月11日
考察四川社会经济状况。随行者有总账室主任刘攻
秘书董孝纯，以及上海分行副经理史久鳌等。还
路途15天外，在川计31天。
其间，张籍此机会向分支行、办事处管理人
行员的修养和银行的经营两大方面。因系向下属的
针对性强，似同僚间开诚布公地交流，对提高行
指导作用。六次演讲，也较集中地反应出作为银
理念和经营哲学。尤其是《如何使我行成为“最进
行历史，切分利弊得失，指出奋斗方向。字里行
重要的启迪；他向读者描绘了一位志存高远者，孜
仍是今天金融界奋斗目标重要的参照系。
论行员修养与银
视察四川分支行演讲辑录
——《  张公权金融言论集
◎张公权
一个青年行员应具之性格
在万[州办事]处演讲
一个青年走进了本行，应努力：一、保持旧道德；二、
培养新精神；三、用旧的识见贯彻新的精神。以“旧” ..."
37,Y2022,M03,#489,论行员修养与银行经营视察四川分支行演讲辑录 ——《  张公权金融言论集》（马学斌编著）摘登（15）,张公权金融思想专栏,Special Column,--,张公权,"[按] 本文原载《中行生活》第29期（《川行专
该文为张公权考察四川期间的六次演讲辑录。
张公权率队于1934年4月28日至6月11日
考察四川社会经济状况。随行者有总账室主任刘攻
秘书董孝纯，以及上海分行副经理史久鳌等。还
路途15天外，在川计31天。
其间，张籍此机会向分支行、办事处管理人
行员的修养和银行的经营两大方面。因系向下属的
针对性强，似同僚间开诚布公地交流，对提高行
指导作用。六次演讲，也较集中地反应出作为银
理念和经营哲学。尤其是《如何使我行成为“最进
行历史，切分利弊得失，指出奋斗方向。字里行
重要的启迪；他向读者描绘了一位志存高远者，孜
仍是今天金融界奋斗目标重要的参照系。
论行员修养与银
视察四川分支行演讲辑录
——《  张公权金融言论集
◎张公权
一个青年行员应具之性格
在万[州办事]处演讲
一个青年走进了本行，应努力：一、保持旧道德；二、
培养新精神；三、用旧的识见贯彻新的精神。以“旧” ..."
